Macbook M1,,
Toshiba XR,,
Macbook M1,,
Toshiba XR,,
Macbook M1,,
Toshiba XR,,
Macbook M1,,
Toshiba XR,,
Macbook M1,,
Toshiba XR,,
Macbook M1,,
Toshiba XR,,
Macbook M1,,
Toshiba XR,,
Macbook M1,,
Toshiba XR,,
Macbook M1,,
Toshiba XR,,
Macbook M1,,
Toshiba XR,,
Macbook M1,,
Toshiba XR,,
Macbook M1,,
Toshiba XR,,
Macbook M1,,
Toshiba XR,,
Macbook M1,,
Toshiba XR,,
Macbook M1,,
Toshiba XR,,
Macbook M1,,
Toshiba XR,,
Macbook M1,,
Toshiba XR,,
Macbook M1,,
Toshiba XR,,
Macbook M1,,
Toshiba XR,,
Macbook M1,,
Toshiba XR,,
Macbook M1,,
Toshiba XR,,
Macbook M1,,
Toshiba XR,,
Macbook M1,,
Toshiba XR,,
Macbook M1,,
Toshiba XR,,
Macbook M1,,
Toshiba XR,,
Macbook M1,,
Toshiba XR,,
Macbook M1,,
Toshiba XR,,
Macbook M1,,
Toshiba XR,,
Macbook M1,,
Toshiba XR,,
Macbook M1,,
Toshiba XR,,
Macbook M1,,
Toshiba XR,,
Macbook M1,,
Toshiba XR,,
Macbook M1,,
Toshiba XR,,
Macbook M1,,
Toshiba XR,,
Macbook M1,,
Toshiba XR,,
Macbook M1,,
Toshiba XR,,
Macbook M1,,
Toshiba XR,,
Macbook M1,,
Toshiba XR,,
Macbook M1,,
Toshiba XR,,
Macbook M1,,
Toshiba XR,,
Macbook M1,,
Toshiba XR,,
Macbook M1,,
Toshiba XR,,
Macbook M1,,
Toshiba XR,,
Macbook M1,,
Toshiba XR,,
Macbook M1,,
Toshiba XR,,
Macbook M1,,
Toshiba XR,,
Macbook M1,,
Toshiba XR,,
Macbook M1,,
Toshiba XR,,
Macbook M1,,
Toshiba XR,,
Macbook M1,,
Toshiba XR,,
Macbook M1,,
Toshiba XR,,
Macbook M1,,
Toshiba XR,,
Macbook M1,,
Toshiba XR,,
Macbook M1,,
Toshiba XR,,
Macbook M1,,
Toshiba XR,,
Macbook M1,,
Toshiba XR,,
Macbook M1,,
Toshiba XR,,
Macbook M1,,
Toshiba XR,,
Macbook M1,,
Toshiba XR,,
Macbook M1,,
Toshiba XR,,
Macbook M1,,
Toshiba XR,,
Macbook M1,,
Toshiba XR,,
Macbook M1,,
Toshiba XR,,
Macbook M1,,
Toshiba XR,,
Macbook M1,,
Toshiba XR,,
Macbook M1,,
Toshiba XR,,
Macbook M1,,
Toshiba XR,,
Macbook M1,,
Toshiba XR,,
Macbook M1,,
Toshiba XR,,
Macbook M1,,
Toshiba XR,,
Macbook M1,,
Toshiba XR,,
Macbook M1,,
Toshiba XR,,
Macbook M1,,
Toshiba XR,,
Macbook M1,,
Toshiba XR,,
Macbook M1,,
Toshiba XR,,
Macbook M1,,
Toshiba XR,,
Macbook M1,,
Toshiba XR,,
Macbook M1,,
Toshiba XR,,
Macbook M1,,
Toshiba XR,,
Macbook M1,,
Toshiba XR,,
Macbook M1,,
Toshiba XR,,
Macbook M1,,
Toshiba XR,,
Macbook M1,,
Toshiba XR,,
Macbook M1,,
Toshiba XR,,
Macbook M1,,
Toshiba XR,,
Macbook M1,,
Toshiba XR,,
Macbook M1,,
Toshiba XR,,
Macbook M1,,
Toshiba XR,,
Macbook M1,,
Toshiba XR,,
Macbook M1,,
Toshiba XR,,
Macbook M1,,
Toshiba XR,,
Macbook M1,,
Toshiba XR,,
Macbook M1,,
Toshiba XR,,
Macbook M1,,
Toshiba XR,,
Macbook M1,,
Toshiba XR,,
Macbook M1,,
Toshiba XR,,
Macbook M1,,
Toshiba XR,,
Macbook M1,,
Toshiba XR,,
Macbook M1,,
Toshiba XR,,
Macbook M1,,
Toshiba XR,,
Macbook M1,,
Toshiba XR,,
Macbook M1,,
Toshiba XR,,
Macbook M1,,
Toshiba XR,,
Macbook M1,,
Toshiba XR,,
Macbook M1,,
Toshiba XR,,
Macbook M1,,
Toshiba XR,,
Macbook M1,,
Toshiba XR,,
Macbook M1,,
Toshiba XR,,
Macbook M1,,
Toshiba XR,,
Macbook M1,,
Toshiba XR,,
Macbook M1,,
Toshiba XR,,
Macbook M1,,
Toshiba XR,,
Macbook M1,,
Toshiba XR,,
Macbook M1,,
Toshiba XR,,
Macbook M1,,
Toshiba XR,,
Macbook M1,,
Toshiba XR,,
Macbook M1,,
Toshiba XR,,
Macbook M1,,
Toshiba XR,,
Macbook M1,,
Toshiba XR,,
Macbook M1,,
Toshiba XR,,
Macbook M1,,
Toshiba XR,,
Macbook M1,,
Toshiba XR,,
Macbook M1,,
Toshiba XR,,
Macbook M1,,
Toshiba XR,,
Macbook M1,,
Toshiba XR,,
Macbook M1,,
Toshiba XR,,
Macbook M1,,
Toshiba XR,,
Macbook M1,,
Toshiba XR,,
Macbook M1,,
Toshiba XR,,
Macbook M1,,
Toshiba XR,,
Macbook M1,,
Toshiba XR,,
Macbook M1,,
Toshiba XR,,
Macbook M1,,
Toshiba XR,,
Macbook M1,,
Toshiba XR,,
Macbook M1,,
Toshiba XR,,
Macbook M1,,
Toshiba XR,,
Macbook M1,,
Toshiba XR,,
Macbook M1,,
Toshiba XR,,
Macbook M1,,
Toshiba XR,,
Macbook M1,,
Toshiba XR,,
Macbook M1,,
Toshiba XR,,
Macbook M1,,
Toshiba XR,,
Macbook M1,,
Toshiba XR,,
Macbook M1,,
Toshiba XR,,
Macbook M1,,
Toshiba XR,,
Macbook M1,,
Toshiba XR,,
Macbook M1,,
Toshiba XR,,
Macbook M1,,
Toshiba XR,,
Macbook M1,,
Toshiba XR,,
Macbook M1,,
Toshiba XR,,
Macbook M1,,
Toshiba XR,,
Macbook M1,,
Toshiba XR,,
Macbook M1,,
Toshiba XR,,
Macbook M1,,
Toshiba XR,,
Macbook M1,,
Toshiba XR,,
Macbook M1,,
Toshiba XR,,
Macbook M1,,
Toshiba XR,,
Macbook M1,,
Toshiba XR,,
Macbook M1,,
Toshiba XR,,
Macbook M1,,
Toshiba XR,,
Macbook M1,,
Toshiba XR,,
Macbook M1,,
Toshiba XR,,
Macbook M1,,
Toshiba XR,,
Macbook M1,,
Toshiba XR,,
Macbook M1,,
Toshiba XR,,
Macbook M1,,
Toshiba XR,,
Macbook M1,,
Toshiba XR,,
Macbook M1,,
Toshiba XR,,
Macbook M1,,
Toshiba XR,,
Macbook M1,,
Toshiba XR,,
Macbook M1,,
Toshiba XR,,
Macbook M1,,
Toshiba XR,,
Macbook M1,,
Toshiba XR,,
Macbook M1,,
Toshiba XR,,
Macbook M1,,
Toshiba XR,,
Macbook M1,,
Toshiba XR,,
Macbook M1,,
Toshiba XR,,
Macbook M1,,
Toshiba XR,,
Macbook M1,,
Toshiba XR,,
Macbook M1,,
Toshiba XR,,
Macbook M1,,
Toshiba XR,,
Macbook M1,,
Toshiba XR,,
Macbook M1,,
Toshiba XR,,
Macbook M1,,
Toshiba XR,,
Macbook M1,,
Toshiba XR,,
Macbook M1,,
Toshiba XR,,
Macbook M1,,
Toshiba XR,,
Macbook M1,,
Toshiba XR,,
Macbook M1,,
Toshiba XR,,
Macbook M1,,
Toshiba XR,,
Macbook M1,,
Toshiba XR,,
Macbook M1,,
Toshiba XR,,
Macbook M1,,
Toshiba XR,,
Macbook M1,,
Toshiba XR,,
Macbook M1,,
Toshiba XR,,
Macbook M1,,
Toshiba XR,,
Macbook M1,,
Toshiba XR,,
Macbook M1,,
Toshiba XR,,
Macbook M1,,
Toshiba XR,,
Macbook M1,,
Toshiba XR,,
Macbook M1,,
Toshiba XR,,
Macbook M1,,
Toshiba XR,,
Macbook M1,,
Toshiba XR,,
Macbook M1,,
Toshiba XR,,
Macbook M1,,
Toshiba XR,,
Macbook M1,,
Toshiba XR,,
Macbook M1,,
Toshiba XR,,
Macbook M1,,
Toshiba XR,,
Macbook M1,,
Toshiba XR,,
Macbook M1,,
Toshiba XR,,
Macbook M1,,
Toshiba XR,,
Macbook M1,,
Toshiba XR,,
Macbook M1,,
Toshiba XR,,
Macbook M1,,
Toshiba XR,,
Macbook M1,,
Toshiba XR,,
Macbook M1,,
Toshiba XR,,
Macbook M1,,
Toshiba XR,,
Macbook M1,,
Toshiba XR,,
Macbook M1,,
Toshiba XR,,
Macbook M1,,
Toshiba XR,,
Macbook M1,,
Toshiba XR,,
Macbook M1,,
Toshiba XR,,
Macbook M1,,
Toshiba XR,,
Macbook M1,,
Toshiba XR,,
Macbook M1,,
Toshiba XR,,
Macbook M1,,
Toshiba XR,,
Macbook M1,,
Toshiba XR,,
Macbook M1,,
Toshiba XR,,
Macbook M1,,
Toshiba XR,,
Macbook M1,,
Toshiba XR,,
Macbook M1,,
Toshiba XR,,
Macbook M1,,
Toshiba XR,,
Macbook M1,,
Toshiba XR,,
Macbook M1,,
Toshiba XR,,
Macbook M1,,
Toshiba XR,,
Macbook M1,,
Toshiba XR,,
Macbook M1,,
Toshiba XR,,
Macbook M1,,
Toshiba XR,,
Macbook M1,,
Toshiba XR,,
Macbook M1,,
Toshiba XR,,
Macbook M1,,
Toshiba XR,,
Macbook M1,,
Toshiba XR,,
Macbook M1,,
Toshiba XR,,
Macbook M1,,
Toshiba XR,,
Macbook M1,,
Toshiba XR,,
Macbook M1,,
Toshiba XR,,
Macbook M1,,
Toshiba XR,,
Macbook M1,,
Toshiba XR,,
Macbook M1,,
Toshiba XR,,
Macbook M1,,
Toshiba XR,,
Macbook M1,,
Toshiba XR,,
Macbook M1,,
Toshiba XR,,
Macbook M1,,
Toshiba XR,,
Macbook M1,,
Toshiba XR,,
Macbook M1,,
Toshiba XR,,
Macbook M1,,
Toshiba XR,,
Macbook M1,,
Toshiba XR,,
Macbook M1,,
Toshiba XR,,
Macbook M1,,
Toshiba XR,,
Macbook M1,,
Toshiba XR,,
Macbook M1,,
Toshiba XR,,
Macbook M1,,
Toshiba XR,,
Macbook M1,,
Toshiba XR,,
Macbook M1,,
Toshiba XR,,
Macbook M1,,
Toshiba XR,,
Macbook M1,,
Toshiba XR,,
Macbook M1,,
Toshiba XR,,
Macbook M1,,
Toshiba XR,,
Macbook M1,,
Toshiba XR,,
Macbook M1,,
Toshiba XR,,
Macbook M1,,
Toshiba XR,,
Macbook M1,,
Toshiba XR,,
Macbook M1,,
Toshiba XR,,
Macbook M1,,
Toshiba XR,,
Macbook M1,,
Toshiba XR,,
Macbook M1,,
Toshiba XR,,
Macbook M1,,
Toshiba XR,,
Macbook M1,,
Toshiba XR,,
Macbook M1,,
Toshiba XR,,
Macbook M1,,
Toshiba XR,,
Macbook M1,,
Toshiba XR,,
Macbook M1,,
Toshiba XR,,
Macbook M1,,
Toshiba XR,,
Macbook M1,,
Toshiba XR,,
Macbook M1,,
Toshiba XR,,
Macbook M1,,
Toshiba XR,,
Macbook M1,,
Toshiba XR,,
Macbook M1,,
Toshiba XR,,
Macbook M1,,
Toshiba XR,,
Macbook M1,,
Toshiba XR,,
Macbook M1,,
Toshiba XR,,
Macbook M1,,
Toshiba XR,,
Macbook M1,,
Toshiba XR,,
Macbook M1,,
Toshiba XR,,
Macbook M1,,
Toshiba XR,,
Macbook M1,,
Toshiba XR,,
Macbook M1,,
Toshiba XR,,
Macbook M1,,
Toshiba XR,,
Macbook M1,,
Toshiba XR,,
Macbook M1,,
Toshiba XR,,
Macbook M1,,
Toshiba XR,,
Macbook M1,,
Toshiba XR,,
Macbook M1,,
Toshiba XR,,
Macbook M1,,
Toshiba XR,,
Macbook M1,,
Toshiba XR,,
Macbook M1,,
Toshiba XR,,
Macbook M1,,
Toshiba XR,,
Macbook M1,,
Toshiba XR,,
Macbook M1,,
Toshiba XR,,
Macbook M1,,
Toshiba XR,,
Macbook M1,,
Toshiba XR,,
Macbook M1,,
Toshiba XR,,
Macbook M1,,
Toshiba XR,,
Macbook M1,,
Toshiba XR,,
Macbook M1,,
Toshiba XR,,
Macbook M1,,
Toshiba XR,,
Macbook M1,,
Toshiba XR,,
Macbook M1,,
Toshiba XR,,
Macbook M1,,
Toshiba XR,,
Macbook M1,,
Toshiba XR,,
Macbook M1,,
Toshiba XR,,
Macbook M1,,
Toshiba XR,,
Macbook M1,,
Toshiba XR,,
Macbook M1,,
Toshiba XR,,
Macbook M1,,
Toshiba XR,,
Macbook M1,,
Toshiba XR,,
Macbook M1,,
Toshiba XR,,
Macbook M1,,
Toshiba XR,,
Macbook M1,,
Toshiba XR,,
Macbook M1,,
Toshiba XR,,
Macbook M1,,
Toshiba XR,,
Macbook M1,,
Toshiba XR,,
Macbook M1,,
Toshiba XR,,
Macbook M1,,
Toshiba XR,,
Macbook M1,,
Toshiba XR,,
Macbook M1,,
Toshiba XR,,
Macbook M1,,
Toshiba XR,,
Macbook M1,,
Toshiba XR,,
Macbook M1,,
Toshiba XR,,
Macbook M1,,
Toshiba XR,,
Macbook M1,,
Toshiba XR,,
Macbook M1,,
Toshiba XR,,
Macbook M1,,
Toshiba XR,,
Macbook M1,,
Toshiba XR,,
Macbook M1,,
Toshiba XR,,
Macbook M1,,
Toshiba XR,,
Macbook M1,,
Toshiba XR,,
Macbook M1,,
Toshiba XR,,
Macbook M1,,
Toshiba XR,,
Macbook M1,,
Toshiba XR,,
Macbook M1,,
Toshiba XR,,
Macbook M1,,
Toshiba XR,,
Macbook M1,,
Toshiba XR,,
Macbook M1,,
Toshiba XR,,
Macbook M1,,
Toshiba XR,,
Macbook M1,,
Toshiba XR,,
Macbook M1,,
Toshiba XR,,
Macbook M1,,
Toshiba XR,,
Macbook M1,,
Toshiba XR,,
Macbook M1,,
Toshiba XR,,
Macbook M1,,
Toshiba XR,,
Macbook M1,,
Toshiba XR,,
Macbook M1,,
Toshiba XR,,
Macbook M1,,
Toshiba XR,,
Macbook M1,,
Toshiba XR,,
Macbook M1,,
Toshiba XR,,
Macbook M1,,
Toshiba XR,,
Macbook M1,,
Toshiba XR,,
Macbook M1,,
Toshiba XR,,
Macbook M1,,
Toshiba XR,,
Macbook M1,,
Toshiba XR,,
Macbook M1,,
Toshiba XR,,
Macbook M1,,
Toshiba XR,,
Macbook M1,,
Toshiba XR,,
Macbook M1,,
Toshiba XR,,
Macbook M1,,
Toshiba XR,,
Macbook M1,,
Toshiba XR,,
Macbook M1,,
Toshiba XR,,
Macbook M1,,
Toshiba XR,,
Macbook M1,,
Toshiba XR,,
Macbook M1,,
Toshiba XR,,
Macbook M1,,
Toshiba XR,,
Macbook M1,,
Toshiba XR,,
Macbook M1,,
Toshiba XR,,
Macbook M1,,
Toshiba XR,,
Macbook M1,,
Toshiba XR,,
Macbook M1,,
Toshiba XR,,
Macbook M1,,
Toshiba XR,,
Macbook M1,,
Toshiba XR,,
Macbook M1,,
Toshiba XR,,
Macbook M1,,
Toshiba XR,,
Macbook M1,,
Toshiba XR,,
Macbook M1,,
Toshiba XR,,
Macbook M1,,
Toshiba XR,,
Macbook M1,,
Toshiba XR,,
Macbook M1,,
Toshiba XR,,
Macbook M1,,
Toshiba XR,,
Macbook M1,,
Toshiba XR,,
Macbook M1,,
Toshiba XR,,
Macbook M1,,
Toshiba XR,,
Macbook M1,,
Toshiba XR,,
Macbook M1,,
Toshiba XR,,
Macbook M1,,
Toshiba XR,,
Macbook M1,,
Toshiba XR,,
Macbook M1,,
Toshiba XR,,
Macbook M1,,
Toshiba XR,,
Macbook M1,,
Toshiba XR,,
Macbook M1,,
Toshiba XR,,
Macbook M1,,
Toshiba XR,,
Macbook M1,,
Toshiba XR,,
Macbook M1,,
Toshiba XR,,
Macbook M1,,
Toshiba XR,,
Macbook M1,,
Toshiba XR,,
Macbook M1,,
Toshiba XR,,
Macbook M1,,
Toshiba XR,,
Macbook M1,,
Toshiba XR,,
Macbook M1,,
Toshiba XR,,
Macbook M1,,
Toshiba XR,,
Macbook M1,,
Toshiba XR,,
Macbook M1,,
Toshiba XR,,
Macbook M1,,
Toshiba XR,,
Macbook M1,,
Toshiba XR,,
Macbook M1,,
Toshiba XR,,
Macbook M1,,
Toshiba XR,,
Macbook M1,,
Toshiba XR,,
Macbook M1,,
Toshiba XR,,
Macbook M1,,
Toshiba XR,,
Macbook M1,,
Toshiba XR,,
Macbook M1,,
Toshiba XR,,
Macbook M1,,
Toshiba XR,,
Macbook M1,,
Toshiba XR,,
Macbook M1,,
Toshiba XR,,
Macbook M1,,
Toshiba XR,,
Macbook M1,,
Toshiba XR,,
Macbook M1,,
Toshiba XR,,
Macbook M1,,
Toshiba XR,,
Macbook M1,,
Toshiba XR,,
Macbook M1,,
Toshiba XR,,
Macbook M1,,
Toshiba XR,,
Macbook M1,,
Toshiba XR,,
Macbook M1,,
Toshiba XR,,
Macbook M1,,
Toshiba XR,,
Macbook M1,,
Toshiba XR,,
Macbook M1,,
Toshiba XR,,
Macbook M1,,
Toshiba XR,,
Macbook M1,,
Toshiba XR,,
Macbook M1,,
Toshiba XR,,
Macbook M1,,
Toshiba XR,,
Macbook M1,,
Toshiba XR,,
Macbook M1,,
Toshiba XR,,
Macbook M1,,
Toshiba XR,,
Macbook M1,,
Toshiba XR,,
Macbook M1,,
Toshiba XR,,
Macbook M1,,
Toshiba XR,,
Macbook M1,,
Toshiba XR,,
Macbook M1,,
Toshiba XR,,
Macbook M1,,
Toshiba XR,,
Macbook M1,,
Toshiba XR,,
Macbook M1,,
Toshiba XR,,
Macbook M1,,
Toshiba XR,,
Macbook M1,,
Toshiba XR,,
Macbook M1,,
Toshiba XR,,
Macbook M1,,
Toshiba XR,,
Macbook M1,,
Toshiba XR,,
Macbook M1,,
Toshiba XR,,
Macbook M1,,
Toshiba XR,,
Macbook M1,,
Toshiba XR,,
Macbook M1,,
Toshiba XR,,
Macbook M1,,
Toshiba XR,,
Macbook M1,,
Toshiba XR,,
Macbook M1,,
Toshiba XR,,
Macbook M1,,
Toshiba XR,,
Macbook M1,,
Toshiba XR,,
Macbook M1,,
Toshiba XR,,
Macbook M1,,
Toshiba XR,,
Macbook M1,,
Toshiba XR,,
Macbook M1,,
Toshiba XR,,
Macbook M1,,
Toshiba XR,,
Macbook M1,,
Toshiba XR,,
Macbook M1,,
Toshiba XR,,
Macbook M1,,
Toshiba XR,,
Macbook M1,,
Toshiba XR,,
Macbook M1,,
Toshiba XR,,
Macbook M1,,
Toshiba XR,,
Macbook M1,,
Toshiba XR,,
Macbook M1,,
Toshiba XR,,
Macbook M1,,
Toshiba XR,,
Macbook M1,,
Toshiba XR,,
Macbook M1,,
Toshiba XR,,
Macbook M1,,
Toshiba XR,,
Macbook M1,,
Toshiba XR,,
Macbook M1,,
Toshiba XR,,
Macbook M1,,
Toshiba XR,,
Macbook M1,,
Toshiba XR,,
Macbook M1,,
Toshiba XR,,
Macbook M1,,
Toshiba XR,,
Macbook M1,,
Toshiba XR,,
Macbook M1,,
Toshiba XR,,
Macbook M1,,
Toshiba XR,,
Macbook M1,,
Toshiba XR,,
Macbook M1,,
Toshiba XR,,
Macbook M1,,
Toshiba XR,,
Macbook M1,,
Toshiba XR,,
Macbook M1,,
Toshiba XR,,
Macbook M1,,
Toshiba XR,,
Macbook M1,,
Toshiba XR,,
Macbook M1,,
Toshiba XR,,
Macbook M1,,
Toshiba XR,,
Macbook M1,,
Toshiba XR,,
Macbook M1,,
Toshiba XR,,
Macbook M1,,
Toshiba XR,,
Macbook M1,,
Toshiba XR,,
Macbook M1,,
Toshiba XR,,
Macbook M1,,
Toshiba XR,,
Macbook M1,,
Toshiba XR,,
Macbook M1,,
Toshiba XR,,
Macbook M1,,
Toshiba XR,,
Macbook M1,,
Toshiba XR,,
Macbook M1,,
Toshiba XR,,
Macbook M1,,
Toshiba XR,,
Macbook M1,,
Toshiba XR,,
Macbook M1,,
Toshiba XR,,
Macbook M1,,
Toshiba XR,,
Macbook M1,,
Toshiba XR,,
Macbook M1,,
Toshiba XR,,
Macbook M1,,
Toshiba XR,,
Macbook M1,,
Toshiba XR,,
Macbook M1,,
Toshiba XR,,
Macbook M1,,
Toshiba XR,,
Macbook M1,,
Toshiba XR,,
Macbook M1,,
Toshiba XR,,
Macbook M1,,
Toshiba XR,,
Macbook M1,,
Toshiba XR,,
Macbook M1,,
Toshiba XR,,
Macbook M1,,
Toshiba XR,,
Macbook M1,,
Toshiba XR,,
Macbook M1,,
Toshiba XR,,
Macbook M1,,
Toshiba XR,,
Macbook M1,,
Toshiba XR,,
Macbook M1,,
Toshiba XR,,
Macbook M1,,
Toshiba XR,,
Macbook M1,,
Toshiba XR,,
Macbook M1,,
Toshiba XR,,
Macbook M1,,
Toshiba XR,,
Macbook M1,,
Toshiba XR,,
Macbook M1,,
Toshiba XR,,
Macbook M1,,
Toshiba XR,,
Macbook M1,,
Toshiba XR,,
Macbook M1,,
Toshiba XR,,
Macbook M1,,
Toshiba XR,,
Macbook M1,,
Toshiba XR,,
Macbook M1,,
Toshiba XR,,
Macbook M1,,
Toshiba XR,,
Macbook M1,,
Toshiba XR,,
Macbook M1,,
Toshiba XR,,
Macbook M1,,
Toshiba XR,,
Macbook M1,,
Toshiba XR,,
Macbook M1,,
Toshiba XR,,
Macbook M1,,
Toshiba XR,,
Macbook M1,,
Toshiba XR,,
Macbook M1,,
Toshiba XR,,
Macbook M1,,
Toshiba XR,,
Macbook M1,,
Toshiba XR,,
Macbook M1,,
Toshiba XR,,
Macbook M1,,
Toshiba XR,,
Macbook M1,,
Toshiba XR,,
Macbook M1,,
Toshiba XR,,
Macbook M1,,
Toshiba XR,,
Macbook M1,,
Toshiba XR,,
Macbook M1,,
Toshiba XR,,
Macbook M1,,
Toshiba XR,,
Macbook M1,,
Toshiba XR,,
Macbook M1,,
Toshiba XR,,
Macbook M1,,
Toshiba XR,,
Macbook M1,,
Toshiba XR,,
Macbook M1,,
Toshiba XR,,
Macbook M1,,
Toshiba XR,,
Macbook M1,,
Toshiba XR,,
Macbook M1,,
Toshiba XR,,
Macbook M1,,
Toshiba XR,,
Macbook M1,,
Toshiba XR,,
Macbook M1,,
Toshiba XR,,
Macbook M1,,
Toshiba XR,,
Macbook M1,,
Toshiba XR,,
Macbook M1,,
Toshiba XR,,
Macbook M1,,
Toshiba XR,,
Macbook M1,,
Toshiba XR,,
Macbook M1,,
Toshiba XR,,
Macbook M1,,
Toshiba XR,,
Macbook M1,,
Toshiba XR,,
Macbook M1,,
Toshiba XR,,
Macbook M1,,
Toshiba XR,,
Macbook M1,,
Toshiba XR,,
Macbook M1,,
Toshiba XR,,
Macbook M1,,
Toshiba XR,,
Macbook M1,,
Toshiba XR,,
Macbook M1,,
Toshiba XR,,
Macbook M1,,
Toshiba XR,,
Macbook M1,,
Toshiba XR,,
Macbook M1,,
Toshiba XR,,
Macbook M1,,
Toshiba XR,,
Macbook M1,,
Toshiba XR,,
Macbook M1,,
Toshiba XR,,
Macbook M1,,
Toshiba XR,,
Macbook M1,,
Toshiba XR,,
Macbook M1,,
Toshiba XR,,
Macbook M1,,
Toshiba XR,,
Macbook M1,,
Toshiba XR,,
Macbook M1,,
Toshiba XR,,
Macbook M1,,
Toshiba XR,,
Macbook M1,,
Toshiba XR,,
Macbook M1,,
Toshiba XR,,
Macbook M1,,
Toshiba XR,,
Macbook M1,,
Toshiba XR,,
Macbook M1,,
Toshiba XR,,
Macbook M1,,
Toshiba XR,,
Macbook M1,,
Toshiba XR,,
Macbook M1,,
Toshiba XR,,
Macbook M1,,
Toshiba XR,,
Macbook M1,,
Toshiba XR,,
Macbook M1,,
Toshiba XR,,
Macbook M1,,
Toshiba XR,,
Macbook M1,,
Toshiba XR,,
Macbook M1,,
Toshiba XR,,
Macbook M1,,
Toshiba XR,,
Macbook M1,,
Toshiba XR,,
Macbook M1,,
Toshiba XR,,
Macbook M1,,
Toshiba XR,,
Macbook M1,,
Toshiba XR,,
Macbook M1,,
Toshiba XR,,
Macbook M1,,
Toshiba XR,,
Macbook M1,,
Toshiba XR,,
Macbook M1,,
Toshiba XR,,
Macbook M1,,
Toshiba XR,,
Macbook M1,,
Toshiba XR,,
Macbook M1,,
Toshiba XR,,
Macbook M1,,
Toshiba XR,,
Macbook M1,,
Toshiba XR,,
Macbook M1,,
Toshiba XR,,
Macbook M1,,
Toshiba XR,,
Macbook M1,,
Toshiba XR,,
Macbook M1,,
Toshiba XR,,
Macbook M1,,
Toshiba XR,,
Macbook M1,,
Toshiba XR,,
Macbook M1,,
Toshiba XR,,
Macbook M1,,
Toshiba XR,,
Macbook M1,,
Toshiba XR,,
Macbook M1,,
Toshiba XR,,
Macbook M1,,
Toshiba XR,,
Macbook M1,,
Toshiba XR,,
Macbook M1,,
Toshiba XR,,
Macbook M1,,
Toshiba XR,,
Macbook M1,,
Toshiba XR,,
Macbook M1,,
Toshiba XR,,
Macbook M1,,
Toshiba XR,,
Macbook M1,,
Toshiba XR,,
Macbook M1,,
Toshiba XR,,
Macbook M1,,
Toshiba XR,,
Macbook M1,,
Toshiba XR,,
Macbook M1,,
Toshiba XR,,
Macbook M1,,
Toshiba XR,,
Macbook M1,,
Toshiba XR,,
Macbook M1,,
Toshiba XR,,
Macbook M1,,
Toshiba XR,,
Macbook M1,,
Toshiba XR,,
Macbook M1,,
Toshiba XR,,
Macbook M1,,
Toshiba XR,,
Macbook M1,,
Toshiba XR,,
Macbook M1,,
Toshiba XR,,
Macbook M1,,
Toshiba XR,,
Macbook M1,,
Toshiba XR,,
Macbook M1,,
Toshiba XR,,
Macbook M1,,
Toshiba XR,,
Macbook M1,,
Toshiba XR,,
Macbook M1,,
Toshiba XR,,
Macbook M1,,
Toshiba XR,,
Macbook M1,,
Toshiba XR,,
Macbook M1,,
Toshiba XR,,
Macbook M1,,
Toshiba XR,,
Macbook M1,,
Toshiba XR,,
Macbook M1,,
Toshiba XR,,
Macbook M1,,
Toshiba XR,,
Macbook M1,,
Toshiba XR,,
Macbook M1,,
Toshiba XR,,
Macbook M1,,
Toshiba XR,,
Macbook M1,,
Toshiba XR,,
Macbook M1,,
Toshiba XR,,
Macbook M1,,
Toshiba XR,,
Macbook M1,,
Toshiba XR,,
Macbook M1,,
Toshiba XR,,
Macbook M1,,
Toshiba XR,,
Macbook M1,,
Toshiba XR,,
Macbook M1,,
Toshiba XR,,
Macbook M1,,
Toshiba XR,,
Macbook M1,,
Toshiba XR,,
Macbook M1,,
Toshiba XR,,
Macbook M1,,
Toshiba XR,,
Macbook M1,,
Toshiba XR,,
Macbook M1,,
Toshiba XR,,
Macbook M1,,
Toshiba XR,,
Macbook M1,,
Toshiba XR,,
Macbook M1,,
Toshiba XR,,
Macbook M1,,
Toshiba XR,,
Macbook M1,,
Toshiba XR,,
Macbook M1,,
Toshiba XR,,
Macbook M1,,
Toshiba XR,,
Macbook M1,,
Toshiba XR,,
Macbook M1,,
Toshiba XR,,
Macbook M1,,
Toshiba XR,,
Macbook M1,,
Toshiba XR,,
Macbook M1,,
Toshiba XR,,
Macbook M1,,
Toshiba XR,,
Macbook M1,,
Toshiba XR,,
Macbook M1,,
Toshiba XR,,
Macbook M1,,
Toshiba XR,,
Macbook M1,,
Toshiba XR,,
Macbook M1,,
Toshiba XR,,
Macbook M1,,
Toshiba XR,,
Macbook M1,,
Toshiba XR,,
Macbook M1,,
Toshiba XR,,
Macbook M1,,
Toshiba XR,,
Macbook M1,,
Toshiba XR,,
Macbook M1,,
Toshiba XR,,
Macbook M1,,
Toshiba XR,,
Macbook M1,,
Toshiba XR,,
Macbook M1,,
Toshiba XR,,
Macbook M1,,
Toshiba XR,,
Macbook M1,,
Toshiba XR,,
Macbook M1,,
Toshiba XR,,
Macbook M1,,
Toshiba XR,,
Macbook M1,,
Toshiba XR,,
Macbook M1,,
Toshiba XR,,
Macbook M1,,
Toshiba XR,,
Macbook M1,,
Toshiba XR,,
Macbook M1,,
Toshiba XR,,
Macbook M1,,
Toshiba XR,,
Macbook M1,,
Toshiba XR,,
Macbook M1,,
Toshiba XR,,
Macbook M1,,
Toshiba XR,,
Macbook M1,,
Toshiba XR,,
Macbook M1,,
Toshiba XR,,
Macbook M1,,
Toshiba XR,,
Macbook M1,,
Toshiba XR,,
Macbook M1,,
Toshiba XR,,
Macbook M1,,
Toshiba XR,,
Macbook M1,,
Toshiba XR,,
Macbook M1,,
Toshiba XR,,
Macbook M1,,
Toshiba XR,,
Macbook M1,,
Toshiba XR,,
Macbook M1,,
Toshiba XR,,
Macbook M1,,
Toshiba XR,,
Macbook M1,,
Toshiba XR,,
Macbook M1,,
Toshiba XR,,
Macbook M1,,
Toshiba XR,,
Macbook M1,,
Toshiba XR,,
Macbook M1,,
Toshiba XR,,
Macbook M1,,
Toshiba XR,,
Macbook M1,,
Toshiba XR,,
Macbook M1,,
Toshiba XR,,
Macbook M1,,
Toshiba XR,,
Macbook M1,,
Toshiba XR,,
Macbook M1,,
Toshiba XR,,
Macbook M1,,
Toshiba XR,,
Macbook M1,,
Toshiba XR,,
Macbook M1,,
Toshiba XR,,
Macbook M1,,
Toshiba XR,,
Macbook M1,,
Toshiba XR,,
Macbook M1,,
Toshiba XR,,
Macbook M1,,
Toshiba XR,,
Macbook M1,,
Toshiba XR,,
Macbook M1,,
Toshiba XR,,
Macbook M1,,
Toshiba XR,,
Macbook M1,,
Toshiba XR,,
Macbook M1,,
Toshiba XR,,
Macbook M1,,
Toshiba XR,,
Macbook M1,,
Toshiba XR,,
Macbook M1,,
Toshiba XR,,
Macbook M1,,
Toshiba XR,,
Macbook M1,,
Toshiba XR,,
Macbook M1,,
Toshiba XR,,
Macbook M1,,
Toshiba XR,,
Macbook M1,,
Toshiba XR,,
Macbook M1,,
Toshiba XR,,
Macbook M1,,
Toshiba XR,,
Macbook M1,,
Toshiba XR,,
Macbook M1,,
Toshiba XR,,
Macbook M1,,
Toshiba XR,,
Macbook M1,,
Toshiba XR,,
Macbook M1,,
Toshiba XR,,
Macbook M1,,
Toshiba XR,,
Macbook M1,,
Toshiba XR,,
Macbook M1,,
Toshiba XR,,
Macbook M1,,
Toshiba XR,,
Macbook M1,,
Toshiba XR,,
Macbook M1,,
Toshiba XR,,
Macbook M1,,
Toshiba XR,,
Macbook M1,,
Toshiba XR,,
Macbook M1,,
Toshiba XR,,
Macbook M1,,
Toshiba XR,,
Macbook M1,,
Toshiba XR,,
Macbook M1,,
Toshiba XR,,
Macbook M1,,
Toshiba XR,,
Macbook M1,,
Toshiba XR,,
Macbook M1,,
Toshiba XR,,
Macbook M1,,
Toshiba XR,,
Macbook M1,,
Toshiba XR,,
Macbook M1,,
Toshiba XR,,
Macbook M1,,
Toshiba XR,,
Macbook M1,,
Toshiba XR,,
Macbook M1,,
Toshiba XR,,
Macbook M1,,
Toshiba XR,,
Macbook M1,,
Toshiba XR,,
Macbook M1,,
Toshiba XR,,
Macbook M1,,
Toshiba XR,,
Macbook M1,,
Toshiba XR,,
Macbook M1,,
Toshiba XR,,
Macbook M1,,
Toshiba XR,,
Macbook M1,,
Toshiba XR,,
Macbook M1,,
Toshiba XR,,
Macbook M1,,
Toshiba XR,,
Macbook M1,,
Toshiba XR,,
Macbook M1,,
Toshiba XR,,
Macbook M1,,
Toshiba XR,,
Macbook M1,,
Toshiba XR,,
Macbook M1,,
Toshiba XR,,
Macbook M1,,
Toshiba XR,,
Macbook M1,,
Toshiba XR,,
Macbook M1,,
Toshiba XR,,
Macbook M1,,
Toshiba XR,,
Macbook M1,,
Toshiba XR,,
Macbook M1,,
Toshiba XR,,
Macbook M1,,
Toshiba XR,,
Macbook M1,,
Toshiba XR,,
Macbook M1,,
Toshiba XR,,
Macbook M1,,
Toshiba XR,,
Macbook M1,,
Toshiba XR,,
Macbook M1,,
Toshiba XR,,
Macbook M1,,
Toshiba XR,,
Macbook M1,,
Toshiba XR,,
Macbook M1,,
Toshiba XR,,
Macbook M1,,
Toshiba XR,,
Macbook M1,,
Toshiba XR,,
Macbook M1,,
Toshiba XR,,
Macbook M1,,
Toshiba XR,,
Macbook M1,,
Toshiba XR,,
Macbook M1,,
Toshiba XR,,
Macbook M1,,
Toshiba XR,,
Macbook M1,,
Toshiba XR,,
Macbook M1,,
Toshiba XR,,
Macbook M1,,
Toshiba XR,,
Macbook M1,,
Toshiba XR,,
Macbook M1,,
Toshiba XR,,
Macbook M1,,
Toshiba XR,,
Macbook M1,,
Toshiba XR,,
Macbook M1,,
Toshiba XR,,
Macbook M1,,
Toshiba XR,,
Macbook M1,,
Toshiba XR,,
Macbook M1,,
Toshiba XR,,
Macbook M1,,
Toshiba XR,,
Macbook M1,,
Toshiba XR,,
Macbook M1,,
Toshiba XR,,
Macbook M1,,
Toshiba XR,,
Macbook M1,,
Toshiba XR,,
Macbook M1,,
Toshiba XR,,
Macbook M1,,
Toshiba XR,,
Macbook M1,,
Toshiba XR,,
Macbook M1,,
Toshiba XR,,
Macbook M1,,
Toshiba XR,,
Macbook M1,,
Toshiba XR,,
Macbook M1,,
Toshiba XR,,
Macbook M1,,
Toshiba XR,,
Macbook M1,,
Toshiba XR,,
Macbook M1,,
Toshiba XR,,
Macbook M1,,
Toshiba XR,,
Macbook M1,,
Toshiba XR,,
Macbook M1,,
Toshiba XR,,
Macbook M1,,
Toshiba XR,,
Macbook M1,,
Toshiba XR,,
Macbook M1,,
Toshiba XR,,
Macbook M1,,
Toshiba XR,,
Macbook M1,,
Toshiba XR,,
Macbook M1,,
Toshiba XR,,
Macbook M1,,
Toshiba XR,,
Macbook M1,,
Toshiba XR,,
Macbook M1,,
Toshiba XR,,
Macbook M1,,
Toshiba XR,,
Macbook M1,,
Toshiba XR,,
Macbook M1,,
Toshiba XR,,
Macbook M1,,
Toshiba XR,,
Macbook M1,,
Toshiba XR,,
Macbook M1,,
Toshiba XR,,
Macbook M1,,
Toshiba XR,,
Macbook M1,,
Toshiba XR,,
Macbook M1,,
Toshiba XR,,
Macbook M1,,
Toshiba XR,,
Macbook M1,,
Toshiba XR,,
Macbook M1,,
Toshiba XR,,
Macbook M1,,
Toshiba XR,,
Macbook M1,,
Toshiba XR,,
Macbook M1,,
Toshiba XR,,
Macbook M1,,
Toshiba XR,,
Macbook M1,,
Toshiba XR,,
Macbook M1,,
Toshiba XR,,
Macbook M1,,
Toshiba XR,,
Macbook M1,,
Toshiba XR,,
Macbook M1,,
Toshiba XR,,
Macbook M1,,
Toshiba XR,,
Macbook M1,,
Toshiba XR,,
Macbook M1,,
Toshiba XR,,
Macbook M1,,
Toshiba XR,,
Macbook M1,,
Toshiba XR,,
Macbook M1,,
Toshiba XR,,
Macbook M1,,
Toshiba XR,,
Macbook M1,,
Toshiba XR,,
Macbook M1,,
Toshiba XR,,
Macbook M1,,
Toshiba XR,,
Macbook M1,,
Toshiba XR,,
Macbook M1,,
Toshiba XR,,
Macbook M1,,
Toshiba XR,,
Macbook M1,,
Toshiba XR,,
Macbook M1,,
Toshiba XR,,
Macbook M1,,
Toshiba XR,,
Macbook M1,,
Toshiba XR,,
Macbook M1,,
Toshiba XR,,
Macbook M1,,
Toshiba XR,,
Macbook M1,,
Toshiba XR,,
Macbook M1,,
Toshiba XR,,
Macbook M1,,
Toshiba XR,,
Macbook M1,,
Toshiba XR,,
Macbook M1,,
Toshiba XR,,
Macbook M1,,
Toshiba XR,,
Macbook M1,,
Toshiba XR,,
Macbook M1,,
Toshiba XR,,
Macbook M1,,
Toshiba XR,,
Macbook M1,,
Toshiba XR,,
Macbook M1,,
Toshiba XR,,
Macbook M1,,
Toshiba XR,,
Macbook M1,,
Toshiba XR,,
Macbook M1,,
Toshiba XR,,
Macbook M1,,
Toshiba XR,,
Macbook M1,,
Toshiba XR,,
Macbook M1,,
Toshiba XR,,
Macbook M1,,
Toshiba XR,,
Macbook M1,,
Toshiba XR,,
Macbook M1,,
Toshiba XR,,
Macbook M1,,
Toshiba XR,,
Macbook M1,,
Toshiba XR,,
Macbook M1,,
Toshiba XR,,
Macbook M1,,
Toshiba XR,,
Macbook M1,,
Toshiba XR,,
Macbook M1,,
Toshiba XR,,
Macbook M1,,
Toshiba XR,,
Macbook M1,,
Toshiba XR,,
Macbook M1,,
Toshiba XR,,
Macbook M1,,
Toshiba XR,,
Macbook M1,,
Toshiba XR,,
Macbook M1,,
Toshiba XR,,
Macbook M1,,
Toshiba XR,,
Macbook M1,,
Toshiba XR,,
Macbook M1,,
Toshiba XR,,
Macbook M1,,
Toshiba XR,,
Macbook M1,,
Toshiba XR,,
Macbook M1,,
Toshiba XR,,
Macbook M1,,
Toshiba XR,,
Macbook M1,,
Toshiba XR,,
Macbook M1,,
Toshiba XR,,
Macbook M1,,
Toshiba XR,,
Macbook M1,,
Toshiba XR,,
Macbook M1,,
Toshiba XR,,
Macbook M1,,
Toshiba XR,,
Macbook M1,,
Toshiba XR,,
Macbook M1,,
Toshiba XR,,
Macbook M1,,
Toshiba XR,,
Macbook M1,,
Toshiba XR,,
Macbook M1,,
Toshiba XR,,
Macbook M1,,
Toshiba XR,,
Macbook M1,,
Toshiba XR,,
Macbook M1,,
Toshiba XR,,
Macbook M1,,
Toshiba XR,,
Macbook M1,,
Toshiba XR,,
Macbook M1,,
Toshiba XR,,
Macbook M1,,
Toshiba XR,,
Macbook M1,,
Toshiba XR,,
Macbook M1,,
Toshiba XR,,
Macbook M1,,
Toshiba XR,,
Macbook M1,,
Toshiba XR,,
Macbook M1,,
Toshiba XR,,
Macbook M1,,
Toshiba XR,,
Macbook M1,,
Toshiba XR,,
Macbook M1,,
Toshiba XR,,
Macbook M1,,
Toshiba XR,,
Macbook M1,,
Toshiba XR,,
Macbook M1,,
Toshiba XR,,
Macbook M1,,
Toshiba XR,,
Macbook M1,,
Toshiba XR,,
Macbook M1,,
Toshiba XR,,
Macbook M1,,
Toshiba XR,,
Macbook M1,,
Toshiba XR,,
Macbook M1,,
Toshiba XR,,
Macbook M1,,
Toshiba XR,,
Macbook M1,,
Toshiba XR,,
Macbook M1,,
Toshiba XR,,
Macbook M1,,
Toshiba XR,,
Macbook M1,,
Toshiba XR,,
Macbook M1,,
Toshiba XR,,
Macbook M1,,
Toshiba XR,,
Macbook M1,,
Toshiba XR,,
Macbook M1,,
Toshiba XR,,
Macbook M1,,
Toshiba XR,,
Macbook M1,,
Toshiba XR,,
Macbook M1,,
Toshiba XR,,
Macbook M1,,
Toshiba XR,,
Macbook M1,,
Toshiba XR,,
Macbook M1,,
Toshiba XR,,
Macbook M1,,
Toshiba XR,,
Macbook M1,,
Toshiba XR,,
Macbook M1,,
Toshiba XR,,
Macbook M1,,
Toshiba XR,,
Macbook M1,,
Toshiba XR,,
Macbook M1,,
Toshiba XR,,
Macbook M1,,
Toshiba XR,,
Macbook M1,,
Toshiba XR,,
Macbook M1,,
Toshiba XR,,
Macbook M1,,
Toshiba XR,,
Macbook M1,,
Toshiba XR,,
Macbook M1,,
Toshiba XR,,
Macbook M1,,
Toshiba XR,,
Macbook M1,,
Toshiba XR,,
Macbook M1,,
Toshiba XR,,
Macbook M1,,
Toshiba XR,,
Macbook M1,,
Toshiba XR,,
Macbook M1,,
Toshiba XR,,
Macbook M1,,
Toshiba XR,,
Macbook M1,,
Toshiba XR,,
Macbook M1,,
Toshiba XR,,
Macbook M1,,
Toshiba XR,,
Macbook M1,,
Toshiba XR,,
Macbook M1,,
Toshiba XR,,
Macbook M1,,
Toshiba XR,,
Macbook M1,,
Toshiba XR,,
Macbook M1,,
Toshiba XR,,
Macbook M1,,
Toshiba XR,,
Macbook M1,,
Toshiba XR,,
Macbook M1,,
Toshiba XR,,
Macbook M1,,
Toshiba XR,,
Macbook M1,,
Toshiba XR,,
Macbook M1,,
Toshiba XR,,
Macbook M1,,
Toshiba XR,,
Macbook M1,,
Toshiba XR,,
Macbook M1,,
Toshiba XR,,
Macbook M1,,
Toshiba XR,,
Macbook M1,,
Toshiba XR,,
Macbook M1,,
Toshiba XR,,
Macbook M1,,
Toshiba XR,,
Macbook M1,,
Toshiba XR,,
Macbook M1,,
Toshiba XR,,
Macbook M1,,
Toshiba XR,,
Macbook M1,,
Toshiba XR,,
Macbook M1,,
Toshiba XR,,
Macbook M1,,
Toshiba XR,,
Macbook M1,,
Toshiba XR,,
Macbook M1,,
Toshiba XR,,
Macbook M1,,
Toshiba XR,,
Macbook M1,,
Toshiba XR,,
Macbook M1,,
Toshiba XR,,
Macbook M1,,
Toshiba XR,,
Macbook M1,,
Toshiba XR,,
Macbook M1,,
Toshiba XR,,
Macbook M1,,
Toshiba XR,,
Macbook M1,,
Toshiba XR,,
Macbook M1,,
Toshiba XR,,
Macbook M1,,
Toshiba XR,,
Macbook M1,,
Toshiba XR,,
Macbook M1,,
Toshiba XR,,
Macbook M1,,
Toshiba XR,,
Macbook M1,,
Toshiba XR,,
Macbook M1,,
Toshiba XR,,
Macbook M1,,
Toshiba XR,,
Macbook M1,,
Toshiba XR,,
Macbook M1,,
Toshiba XR,,
Macbook M1,,
Toshiba XR,,
Macbook M1,,
Toshiba XR,,
Macbook M1,,
Toshiba XR,,
Macbook M1,,
Toshiba XR,,
Macbook M1,,
Toshiba XR,,
Macbook M1,,
Toshiba XR,,
Macbook M1,,
Toshiba XR,,
Macbook M1,,
Toshiba XR,,
Macbook M1,,
Toshiba XR,,
Macbook M1,,
Toshiba XR,,
Macbook M1,,
Toshiba XR,,
Macbook M1,,
Toshiba XR,,
Macbook M1,,
Toshiba XR,,
Macbook M1,,
Toshiba XR,,
Macbook M1,,
Toshiba XR,,
Macbook M1,,
Toshiba XR,,
Macbook M1,,
Toshiba XR,,
Macbook M1,,
Toshiba XR,,
Macbook M1,,
Toshiba XR,,
Macbook M1,,
Toshiba XR,,
Macbook M1,,
Toshiba XR,,
Macbook M1,,
Toshiba XR,,
Macbook M1,,
Toshiba XR,,
Macbook M1,,
Toshiba XR,,
Macbook M1,,
Toshiba XR,,
Macbook M1,,
Toshiba XR,,
Macbook M1,,
Toshiba XR,,
Macbook M1,,
Toshiba XR,,
Macbook M1,,
Toshiba XR,,
Macbook M1,,
Toshiba XR,,
Macbook M1,,
Toshiba XR,,
Macbook M1,,
Toshiba XR,,
Macbook M1,,
Toshiba XR,,
Macbook M1,,
Toshiba XR,,
Macbook M1,,
Toshiba XR,,
Macbook M1,,
Toshiba XR,,
Macbook M1,,
Toshiba XR,,
Macbook M1,,
Toshiba XR,,
Macbook M1,,
Toshiba XR,,
Macbook M1,,
Toshiba XR,,
Macbook M1,,
Toshiba XR,,
Macbook M1,,
Toshiba XR,,
Macbook M1,,
Toshiba XR,,
Macbook M1,,
Toshiba XR,,
Macbook M1,,
Toshiba XR,,
Macbook M1,,
Toshiba XR,,
Macbook M1,,
Toshiba XR,,
Macbook M1,,
Toshiba XR,,
Macbook M1,,
Toshiba XR,,
Macbook M1,,
Toshiba XR,,
Macbook M1,,
Toshiba XR,,
Macbook M1,,
Toshiba XR,,
Macbook M1,,
Toshiba XR,,
Macbook M1,,
Toshiba XR,,
Macbook M1,,
Toshiba XR,,
Macbook M1,,
Toshiba XR,,
Macbook M1,,
Toshiba XR,,
Macbook M1,,
Toshiba XR,,
Macbook M1,,
Toshiba XR,,
Macbook M1,,
Toshiba XR,,
Macbook M1,,
Toshiba XR,,
Macbook M1,,
Toshiba XR,,
Macbook M1,,
Toshiba XR,,
Macbook M1,,
Toshiba XR,,
Macbook M1,,
Toshiba XR,,
Macbook M1,,
Toshiba XR,,
Macbook M1,,
Toshiba XR,,
Macbook M1,,
Toshiba XR,,
Macbook M1,,
Toshiba XR,,
Macbook M1,,
Toshiba XR,,
Macbook M1,,
Toshiba XR,,
Macbook M1,,
Toshiba XR,,
Macbook M1,,
Toshiba XR,,
Macbook M1,,
Toshiba XR,,
Macbook M1,,
Toshiba XR,,
Macbook M1,,
Toshiba XR,,
Macbook M1,,
Toshiba XR,,
Macbook M1,,
Toshiba XR,,
Macbook M1,,
Toshiba XR,,
Macbook M1,,
Toshiba XR,,
Macbook M1,,
Toshiba XR,,
Macbook M1,,
Toshiba XR,,
Macbook M1,,
Toshiba XR,,
Macbook M1,,
Toshiba XR,,
Macbook M1,,
Toshiba XR,,
Macbook M1,,
Toshiba XR,,
Macbook M1,,
Toshiba XR,,
Macbook M1,,
Toshiba XR,,
Macbook M1,,
Toshiba XR,,
Macbook M1,,
Toshiba XR,,
Macbook M1,,
Toshiba XR,,
Macbook M1,,
Toshiba XR,,
Macbook M1,,
Toshiba XR,,
Macbook M1,,
Toshiba XR,,
Macbook M1,,
Toshiba XR,,
Macbook M1,,
Toshiba XR,,
Macbook M1,,
Toshiba XR,,
Macbook M1,,
Toshiba XR,,
Macbook M1,,
Toshiba XR,,
Macbook M1,,
Toshiba XR,,
Macbook M1,,
Toshiba XR,,
Macbook M1,,
Toshiba XR,,
Macbook M1,,
Toshiba XR,,
Macbook M1,,
Toshiba XR,,
Macbook M1,,
Toshiba XR,,
Macbook M1,,
Toshiba XR,,
Macbook M1,,
Toshiba XR,,
Macbook M1,,
Toshiba XR,,
Macbook M1,,
Toshiba XR,,
Macbook M1,,
Toshiba XR,,
Macbook M1,,
Toshiba XR,,
Macbook M1,,
Toshiba XR,,
Macbook M1,,
Toshiba XR,,
Macbook M1,,
Toshiba XR,,
Macbook M1,,
Toshiba XR,,
Macbook M1,,
Toshiba XR,,
Macbook M1,,
Toshiba XR,,
Macbook M1,,
Toshiba XR,,
Macbook M1,,
Toshiba XR,,
Macbook M1,,
Toshiba XR,,
Macbook M1,,
Toshiba XR,,
Macbook M1,,
Toshiba XR,,
Macbook M1,,
Toshiba XR,,
Macbook M1,,
Toshiba XR,,
Macbook M1,,
Toshiba XR,,
Macbook M1,,
Toshiba XR,,
Macbook M1,,
Toshiba XR,,
Macbook M1,,
Toshiba XR,,
Macbook M1,,
Toshiba XR,,
Macbook M1,,
Toshiba XR,,
Macbook M1,,
Toshiba XR,,
Macbook M1,,
Toshiba XR,,
Macbook M1,,
Toshiba XR,,
Macbook M1,,
Toshiba XR,,
Macbook M1,,
Toshiba XR,,
Macbook M1,,
Toshiba XR,,
Macbook M1,,
Toshiba XR,,
Macbook M1,,
Toshiba XR,,
Macbook M1,,
Toshiba XR,,
Macbook M1,,
Toshiba XR,,
Macbook M1,,
Toshiba XR,,
Macbook M1,,
Toshiba XR,,
Macbook M1,,
Toshiba XR,,
Macbook M1,,
Toshiba XR,,
Macbook M1,,
Toshiba XR,,
Macbook M1,,
Toshiba XR,,
Macbook M1,,
Toshiba XR,,
Macbook M1,,
Toshiba XR,,
Macbook M1,,
Toshiba XR,,
Macbook M1,,
Toshiba XR,,
Macbook M1,,
Toshiba XR,,
Macbook M1,,
Toshiba XR,,
Macbook M1,,
Toshiba XR,,
Macbook M1,,
Toshiba XR,,
Macbook M1,,
Toshiba XR,,
Macbook M1,,
Toshiba XR,,
Macbook M1,,
Toshiba XR,,
Macbook M1,,
Toshiba XR,,
Macbook M1,,
Toshiba XR,,
Macbook M1,,
Toshiba XR,,
Macbook M1,,
Toshiba XR,,
Macbook M1,,
Toshiba XR,,
Macbook M1,,
Toshiba XR,,
Macbook M1,,
Toshiba XR,,
Macbook M1,,
Toshiba XR,,
Macbook M1,,
Toshiba XR,,
Macbook M1,,
Toshiba XR,,
Macbook M1,,
Toshiba XR,,
Macbook M1,,
Toshiba XR,,
Macbook M1,,
Toshiba XR,,
Macbook M1,,
Toshiba XR,,
Macbook M1,,
Toshiba XR,,
Macbook M1,,
Toshiba XR,,
Macbook M1,,
Toshiba XR,,
Macbook M1,,
Toshiba XR,,
Macbook M1,,
Toshiba XR,,
Macbook M1,,
Toshiba XR,,
Macbook M1,,
Toshiba XR,,
Macbook M1,,
Toshiba XR,,
Macbook M1,,
Toshiba XR,,
Macbook M1,,
Toshiba XR,,
Macbook M1,,
Toshiba XR,,
Macbook M1,,
Toshiba XR,,
Macbook M1,,
Toshiba XR,,
Macbook M1,,
Toshiba XR,,
Macbook M1,,
Toshiba XR,,
Macbook M1,,
Toshiba XR,,
Macbook M1,,
Toshiba XR,,
Macbook M1,,
Toshiba XR,,
Macbook M1,,
Toshiba XR,,
Macbook M1,,
Toshiba XR,,
Macbook M1,,
Toshiba XR,,
Macbook M1,,
Toshiba XR,,
Macbook M1,,
Toshiba XR,,
Macbook M1,,
Toshiba XR,,
Macbook M1,,
Toshiba XR,,
Macbook M1,,
Toshiba XR,,
Macbook M1,,
Toshiba XR,,
Macbook M1,,
Toshiba XR,,
Macbook M1,,
Toshiba XR,,
Macbook M1,,
Toshiba XR,,
Macbook M1,,
Toshiba XR,,
Macbook M1,,
Toshiba XR,,
Macbook M1,,
Toshiba XR,,
Macbook M1,,
Toshiba XR,,
Macbook M1,,
Toshiba XR,,
Macbook M1,,
Toshiba XR,,
Macbook M1,,
Toshiba XR,,
Macbook M1,,
Toshiba XR,,
Macbook M1,,
Toshiba XR,,
Macbook M1,,
Toshiba XR,,
Macbook M1,,
Toshiba XR,,
Macbook M1,,
Toshiba XR,,
Macbook M1,,
Toshiba XR,,
Macbook M1,,
Toshiba XR,,
Macbook M1,,
Toshiba XR,,
Macbook M1,,
Toshiba XR,,
Macbook M1,,
Toshiba XR,,
Macbook M1,,
Toshiba XR,,
Macbook M1,,
Toshiba XR,,
Macbook M1,,
Toshiba XR,,
Macbook M1,,
Toshiba XR,,
Macbook M1,,
Toshiba XR,,
Macbook M1,,
Toshiba XR,,
Macbook M1,,
Toshiba XR,,
Macbook M1,,
Toshiba XR,,
Macbook M1,,
Toshiba XR,,
Macbook M1,,
Toshiba XR,,
Macbook M1,,
Toshiba XR,,
Macbook M1,,
Toshiba XR,,
Macbook M1,,
Toshiba XR,,
Macbook M1,,
Toshiba XR,,
Macbook M1,,
Toshiba XR,,
Macbook M1,,
Toshiba XR,,
Macbook M1,,
Toshiba XR,,
Macbook M1,,
Toshiba XR,,
Macbook M1,,
Toshiba XR,,
Macbook M1,,
Toshiba XR,,
Macbook M1,,
Toshiba XR,,
Macbook M1,,
Toshiba XR,,
Macbook M1,,
Toshiba XR,,
Macbook M1,,
Toshiba XR,,
Macbook M1,,
Toshiba XR,,
Macbook M1,,
Toshiba XR,,
Macbook M1,,
Toshiba XR,,
Macbook M1,,
Toshiba XR,,
Macbook M1,,
Toshiba XR,,
Macbook M1,,
Toshiba XR,,
Macbook M1,,
Toshiba XR,,
Macbook M1,,
Toshiba XR,,
Macbook M1,,
Toshiba XR,,
Macbook M1,,
Toshiba XR,,
Macbook M1,,
Toshiba XR,,
Macbook M1,,
Toshiba XR,,
Macbook M1,,
Toshiba XR,,
Macbook M1,,
Toshiba XR,,
Macbook M1,,
Toshiba XR,,
Macbook M1,,
Toshiba XR,,
Macbook M1,,
Toshiba XR,,
Macbook M1,,
Toshiba XR,,
Macbook M1,,
Toshiba XR,,
Macbook M1,,
Toshiba XR,,
Macbook M1,,
Toshiba XR,,
Macbook M1,,
Toshiba XR,,
Macbook M1,,
Toshiba XR,,
Macbook M1,,
Toshiba XR,,
Macbook M1,,
Toshiba XR,,
Macbook M1,,
Toshiba XR,,
Macbook M1,,
Toshiba XR,,
Macbook M1,,
Toshiba XR,,
Macbook M1,,
Toshiba XR,,
Macbook M1,,
Toshiba XR,,
Macbook M1,,
Toshiba XR,,
Macbook M1,,
Toshiba XR,,
Macbook M1,,
Toshiba XR,,
Macbook M1,,
Toshiba XR,,
Macbook M1,,
Toshiba XR,,
Macbook M1,,
Toshiba XR,,
Macbook M1,,
Toshiba XR,,
Macbook M1,,
Toshiba XR,,
Macbook M1,,
Toshiba XR,,
Macbook M1,,
Toshiba XR,,
Macbook M1,,
Toshiba XR,,
Macbook M1,,
Toshiba XR,,
Macbook M1,,
Toshiba XR,,
Macbook M1,,
Toshiba XR,,
Macbook M1,,
Toshiba XR,,
Macbook M1,,
Toshiba XR,,
Macbook M1,,
Toshiba XR,,
Macbook M1,,
Toshiba XR,,
Macbook M1,,
Toshiba XR,,
Macbook M1,,
Toshiba XR,,
Macbook M1,,
Toshiba XR,,
Macbook M1,,
Toshiba XR,,
Macbook M1,,
Toshiba XR,,
Macbook M1,,
Toshiba XR,,
Macbook M1,,
Toshiba XR,,
Macbook M1,,
Toshiba XR,,
Macbook M1,,
Toshiba XR,,
Macbook M1,,
Toshiba XR,,
Macbook M1,,
Toshiba XR,,
Macbook M1,,
Toshiba XR,,
Macbook M1,,
Toshiba XR,,
Macbook M1,,
Toshiba XR,,
Macbook M1,,
Toshiba XR,,
Macbook M1,,
Toshiba XR,,
Macbook M1,,
Toshiba XR,,
Macbook M1,,
Toshiba XR,,
Macbook M1,,
Toshiba XR,,
Macbook M1,,
Toshiba XR,,
Macbook M1,,
Toshiba XR,,
Macbook M1,,
Toshiba XR,,
Macbook M1,,
Toshiba XR,,
Macbook M1,,
Toshiba XR,,
Macbook M1,,
Toshiba XR,,
Macbook M1,,
Toshiba XR,,
Macbook M1,,
Toshiba XR,,
Macbook M1,,
Toshiba XR,,
Macbook M1,,
Toshiba XR,,
Macbook M1,,
Toshiba XR,,
Macbook M1,,
Toshiba XR,,
Macbook M1,,
Toshiba XR,,
Macbook M1,,
Toshiba XR,,
Macbook M1,,
Toshiba XR,,
Macbook M1,,
Toshiba XR,,
Macbook M1,,
Toshiba XR,,
Macbook M1,,
Toshiba XR,,
Macbook M1,,
Toshiba XR,,
Macbook M1,,
Toshiba XR,,
Macbook M1,,
Toshiba XR,,
Macbook M1,,
Toshiba XR,,
Macbook M1,,
Toshiba XR,,
Macbook M1,,
Toshiba XR,,
Macbook M1,,
Toshiba XR,,
Macbook M1,,
Toshiba XR,,
Macbook M1,,
Toshiba XR,,
Macbook M1,,
Toshiba XR,,
Macbook M1,,
Toshiba XR,,
Macbook M1,,
Toshiba XR,,
Macbook M1,,
Toshiba XR,,
Macbook M1,,
Toshiba XR,,
Macbook M1,,
Toshiba XR,,
Macbook M1,,
Toshiba XR,,
Macbook M1,,
Toshiba XR,,
Macbook M1,,
Toshiba XR,,
Macbook M1,,
Toshiba XR,,
Macbook M1,,
Toshiba XR,,
Macbook M1,,
Toshiba XR,,
Macbook M1,,
Toshiba XR,,
Macbook M1,,
Toshiba XR,,
Macbook M1,,
Toshiba XR,,
Macbook M1,,
Toshiba XR,,
Macbook M1,,
Toshiba XR,,
Macbook M1,,
Toshiba XR,,
Macbook M1,,
Toshiba XR,,
Macbook M1,,
Toshiba XR,,
Macbook M1,,
Toshiba XR,,
Macbook M1,,
Toshiba XR,,
Macbook M1,,
Toshiba XR,,
Macbook M1,,
Toshiba XR,,
Macbook M1,,
Toshiba XR,,
Macbook M1,,
Toshiba XR,,
Macbook M1,,
Toshiba XR,,
Macbook M1,,
Toshiba XR,,
Macbook M1,,
Toshiba XR,,
Macbook M1,,
Toshiba XR,,
Macbook M1,,
Toshiba XR,,
Macbook M1,,
Toshiba XR,,
Macbook M1,,
Toshiba XR,,
Macbook M1,,
Toshiba XR,,
Macbook M1,,
Toshiba XR,,
Macbook M1,,
Toshiba XR,,
Macbook M1,,
Toshiba XR,,
Macbook M1,,
Toshiba XR,,
Macbook M1,,
Toshiba XR,,
Macbook M1,,
Toshiba XR,,
Macbook M1,,
Toshiba XR,,
Macbook M1,,
Toshiba XR,,
Macbook M1,,
Toshiba XR,,
Macbook M1,,
Toshiba XR,,
Macbook M1,,
Toshiba XR,,
Macbook M1,,
Toshiba XR,,
Macbook M1,,
Toshiba XR,,
Macbook M1,,
Toshiba XR,,
Macbook M1,,
Toshiba XR,,
Macbook M1,,
Toshiba XR,,
Macbook M1,,
Toshiba XR,,
Macbook M1,,
Toshiba XR,,
Macbook M1,,
Toshiba XR,,
Macbook M1,,
Toshiba XR,,
Macbook M1,,
Toshiba XR,,
Macbook M1,,
Toshiba XR,,
Macbook M1,,
Toshiba XR,,
Macbook M1,,
Toshiba XR,,
Macbook M1,,
Toshiba XR,,
Macbook M1,,
Toshiba XR,,
Macbook M1,,
Toshiba XR,,
Macbook M1,,
Toshiba XR,,
Macbook M1,,
Toshiba XR,,
Macbook M1,,
Toshiba XR,,
Macbook M1,,
Toshiba XR,,
Macbook M1,,
Toshiba XR,,
Macbook M1,,
Toshiba XR,,
Macbook M1,,
Toshiba XR,,
Macbook M1,,
Toshiba XR,,
Macbook M1,,
Toshiba XR,,
Macbook M1,,
Toshiba XR,,
Macbook M1,,
Toshiba XR,,
Macbook M1,,
Toshiba XR,,
Macbook M1,,
Toshiba XR,,
Macbook M1,,
Toshiba XR,,
Macbook M1,,
Toshiba XR,,
Macbook M1,,
Toshiba XR,,
Macbook M1,,
Toshiba XR,,
Macbook M1,,
Toshiba XR,,
Macbook M1,,
Toshiba XR,,
Macbook M1,,
Toshiba XR,,
Macbook M1,,
Toshiba XR,,
Macbook M1,,
Toshiba XR,,
Macbook M1,,
Toshiba XR,,
